"Name","Age","Gender","Rating","Favourite Color","Date Of Birth","Driver"
"Oli Bob","12","male","1","red","14/04/1984","1"
"Mary May","1","female","2","blue","14/05/1982","true"
"Christine Lobowski","42","female","0","green","22/05/1982","true"
"Brendon Philips","100","male","1","orange","01/08/1980",""
"Margret Marmajuke","16","female","5","yellow","31/01/1999",""
"Frank Harbours","38","male","4","red","12/05/1966","1"
"Jamie Newhart","23","male","3","green","14/05/1985","true"
"Gemma Jane","60","female","0","red","22/05/1982","true"
"Emily Sykes","42","female","1","maroon","11/11/1970",""
"James Newman","73","male","5","red","22/03/1998",""